model,MAE,RMSE,R2
GradientBoostingRegressor,6.467389038167464,8.177737108875455,0.7788780423239916
RandomForestRegressor,7.773275961636506,9.6767385911212,0.6903838551987442
LinearRegression,7.60666414876266,9.704800418399776,0.6885855235505876
